comanda;cliente;empresa;importe;a_cuenta;deuda;fecha_pago;vendedor
14;MARIA ZAMURIANOOO;;23610;11000;12610;7/4/2025 15:35;REYNA LIZETH COLQUE CONDORI
16;LILIAN ZAMURIANOOO;;16066;0;16066;1/11/2023 17:53;REYNA LIZETH COLQUE CONDORI
13411;VANIA ROCHA GONZALEZ;;2674,06;2663,06;11;6/11/2023 10:52;CRISTIAN LOPEZ MENDOZA
13854;VANIA ROCHA GONZALEZ;;736,7;0;736,7;14/3/2020 02:38;CRISTIAN LOPEZ MENDOZA
13899;VANIA ROCHA GONZALEZ;;2746,7;0;2746,7;14/3/2020 05:17;CRISTIAN LOPEZ MENDOZA
14882;VANIA ROCHA GONZALEZ;;572,4;0;572,4;27/3/2020 04:09;CRISTIAN LOPEZ MENDOZA
15258;VANIA ROCHA GONZALEZ;;2401,66;0;2401,66;1/4/2020 03:38;CRISTIAN LOPEZ MENDOZA
82237;LIMBERT ADRIAN CORTEZ CRESPO;;9945,2;4050;5895,2;29/8/2024 13:29;DANIELA LAURA LOPEZ MOYA
130224;CARMEN MOYA RUEDA DE ARCE;;11147,64;11080,9;66,74;19/1/2023 09:17;JUAN CARLOS RIOS COCA
132465;CARMEN MOYA RUEDA DE ARCE;;1610,16;0;1610,16;20/1/2023 05:22;JUAN CARLOS RIOS COCA
133178;CARMEN MOYA RUEDA DE ARCE;;717;0;717;26/1/2023 04:02;JUAN CARLOS RIOS COCA
133969;CARMEN MOYA RUEDA DE ARCE;;886,4;0;886,4;1/2/2023 09:29;JUAN CARLOS RIOS COCA
136294;MARCO ANTONIO ROMERO FLORES;;1350;850;500;13/3/2024 11:32;NO ATENDIDO
162496;DANIEL ANTONIO GOYTIA;;2106,93;1145;961,93;26/9/2025 13:35;CRISTIAN LOPEZ MENDOZA
162571;DANIEL ANTONIO GOYTIA;;138,6;0;138,6;24/8/2023 04:45;CRISTIAN LOPEZ MENDOZA
163262;SONIA CALIZAYA DE CHOQUE;;8786,88;5886,2;2900,68;2/1/2024 14:25;JUAN CARLOS RIOS COCA
165646;SONIA CALIZAYA DE CHOQUE;;2853,8;0;2853,8;15/9/2023 05:21;JUAN CARLOS RIOS COCA
165659;SONIA CALIZAYA DE CHOQUE;;874,53;0;874,53;15/9/2023 05:40;JUAN CARLOS RIOS COCA
166314;SONIA CALIZAYA DE CHOQUE;;2423,16;0;2423,16;20/9/2023 06:26;JUAN CARLOS RIOS COCA
166638;SONIA CALIZAYA DE CHOQUE;;298,86;0;298,86;22/9/2023 03:08;JUAN CARLOS RIOS COCA
166693;SONIA CALIZAYA DE CHOQUE;;6443,24;0;6443,24;22/9/2023 05:19;JUAN CARLOS RIOS COCA
166887;SONIA CALIZAYA DE CHOQUE;;1479;0;1479;23/9/2023 06:01;JUAN CARLOS RIOS COCA
168609;RUTH MIRIAM CHOQUE CONDORI;;591,86;281,56;310,3;21/2/2025 14:49;JUAN CARLOS RIOS COCA
168743;RUTH MIRIAM CHOQUE CONDORI;;2657,72;0;2657,72;6/10/2023 16:03;JUAN CARLOS RIOS COCA
169134;SONIA CALIZAYA DE CHOQUE;;298,86;0;298,86;10/10/2023 02:43;JUAN CARLOS RIOS COCA
176639;MARIA ESTELA SANGA HUARACHI;;2545,35;1690;855,35;26/6/2026 17:49;RUBEN CABALLERO RIVERO
177441;MARIA ESTELA SANGA HUARACHI;;4259,2;0;4259,2;7/12/2023 05:45;RUBEN CABALLERO RIVERO
186121;JHONY MONTAÑO GUTIERREZ (LP);;113890,84;66571,3;47319,54;1/10/2025 13:58;AGENCIA
225595;SONIA CALIZAYA DE CHOQUE;;9760,44;7860,33;1900,11;3/8/2026 14:52;JUAN CARLOS RIOS COCA
277644;GONZALO JAIME BURGOA ROCABADO;;1695,06;590,46;1104,6;1/8/2026 13:45;JUAN CARLOS RIOS COCA
277879;GONZALO JAIME BURGOA ROCABADO;;2351,58;0;2351,58;21/7/2025 04:27;JUAN CARLOS RIOS COCA
278076;GONZALO JAIME BURGOA ROCABADO;;623,7;0;623,7;22/7/2025 04:24;JUAN CARLOS RIOS COCA
278239;GONZALO JAIME BURGOA ROCABADO;;1792,56;0;1792,56;23/7/2025 04:50;JUAN CARLOS RIOS COCA
278416;GONZALO JAIME BURGOA ROCABADO;;1069,2;0;1069,2;24/7/2025 03:38;JUAN CARLOS RIOS COCA
278744;GONZALO JAIME BURGOA ROCABADO;;1324,4;0;1324,4;25/7/2025 04:11;JUAN CARLOS RIOS COCA
278900;GONZALO JAIME BURGOA ROCABADO;;706;0;706;26/7/2025 02:31;JUAN CARLOS RIOS COCA
278979;GONZALO JAIME BURGOA ROCABADO;;2129,6;0;2129,6;26/7/2025 04:56;JUAN CARLOS RIOS COCA
279243;GONZALO JAIME BURGOA ROCABADO;;3181,2;0;3181,2;28/7/2025 04:46;JUAN CARLOS RIOS COCA
279395;GONZALO JAIME BURGOA ROCABADO;;1562;0;1562;29/7/2025 04:26;JUAN CARLOS RIOS COCA
279593;GONZALO JAIME BURGOA ROCABADO;;2240,76;0;2240,76;30/7/2025 04:40;JUAN CARLOS RIOS COCA
279870;GONZALO JAIME BURGOA ROCABADO;;1760,64;0;1760,64;31/7/2025 06:11;JUAN CARLOS RIOS COCA
280374;GONZALO JAIME BURGOA ROCABADO;;615,12;0;615,12;2/8/2025 05:04;JUAN CARLOS RIOS COCA
281938;GONZALO JAIME BURGOA ROCABADO;;3437,28;0;3437,28;11/8/2025 04:14;JUAN CARLOS RIOS COCA
282173;GONZALO JAIME BURGOA ROCABADO;;2389,34;0;2389,34;12/8/2025 04:33;JUAN CARLOS RIOS COCA
282210;GONZALO JAIME BURGOA ROCABADO;;655,2;0;655,2;12/8/2025 05:13;JUAN CARLOS RIOS COCA
292215;RAFAEL VARGAS;;1425,5;51,01;1374,49;27/8/2026 14:34;DANIELA LAURA LOPEZ MOYA
292336;RAFAEL VARGAS;;1240,02;0;1240,02;30/9/2025 10:25;DANIELA LAURA LOPEZ MOYA
293633;RAFAEL VARGAS;;1925,7;0;1925,7;7/10/2025 04:11;DANIELA LAURA LOPEZ MOYA
352595;CANDELARIA CAYOJA HEREDIA;;25569,6;0;25569,6;16/8/2026 06:43;FRANZ ESTEBAN SANTOS BLANCO
353461;MARIA CRISTINA LAURA ANTEZANA;;12441,44;12261,44;180;1/9/2026 13:48;RUBEN CABALLERO RIVERO
353470;SOCIEDAD INVERSORA PORVENIR S.A.;;11573,2;0;11573,2;20/8/2026 12:11;CRISTIAN LOPEZ MENDOZA
353840;CANDELARIA CAYOJA HEREDIA;;3911,4;0;3911,4;21/8/2026 16:35;FRANZ ESTEBAN SANTOS BLANCO
354067;CANDELARIA CAYOJA HEREDIA;;2728;0;2728;22/8/2026 06:05;FRANZ ESTEBAN SANTOS BLANCO
355162;VICTOR GOMEZ MARTINEZ;;8859,88;8460;399,88;29/8/2026 13:12;JUAN CARLOS RIOS COCA
356289;PERSONAL CONSTANTINO HUANACO MAMANI;;43,12;0;43,12;1/9/2026 12:01;AGENCIA
356297;PERSONAL ERWIN BORIS COTA ALARCON;PERSONAL ERWIN BORIS COTA ALARCON;24,32;0;24,32;1/9/2026 17:17;AGENCIA
356334;PERSONAL REYNA COLQUE;;25,5;0;25,5;2/9/2026 02:34;JUAN CARLOS RIOS COCA
356496;RODRIGO VILLCA;RODRIGO VILLCA;45,08;0;45,08;2/9/2026 14:52;AGENCIA
356497;NELSON D. CHOQUE VARGAS;NELSON;45,08;0;45,08;2/9/2026 14:53;AGENCIA
356758;PERSONAL CONSTANTINO HUANACO MAMANI;;33,12;0;33,12;3/9/2026 10:15;AGENCIA
356764;PERSONAL HEIDY QUISPE MAMANI;SOFIA;80,96;0;80,96;3/9/2026 10:54;AGENCIA
356766;PERSONAL MARINA RAQUEL CALDERON MAMANI;AREA FRESCA SOFIA;51,52;0;51,52;3/9/2026 11:34;AGENCIA
356770;PERSONAL CARLOS MERINO;;71,16;0;71,16;3/9/2026 18:47;NO ATENDIDO
357173;PERSONAL ERWIN BORIS COTA ALARCON;PERSONAL ERWIN BORIS COTA ALARCON;130,98;0;130,98;4/9/2026 13:09;AGENCIA
357178;GIOVANI ALBERTO PEREZ AVILA;;184;0;184;4/9/2026 15:08;AGENCIA
357608;PERSONAL CONSTANTINO HUANACO MAMANI;;98;0;98;5/9/2026 12:53;AGENCIA
357612;PERSONAL DANIELA LAURA LOPEZ MOYA;;338,76;50;288,76;30/9/2026 19:00;DANIELA LAURA LOPEZ MOYA
357620;RODRIGO VILLCA;RODRIGO VILLCA;144,06;0;144,06;5/9/2026 18:33;AGENCIA
357775;PERSONAL DANIELA LAURA LOPEZ MOYA;;121,6;0;121,6;7/9/2026 17:10;DANIELA LAURA LOPEZ MOYA
358004;PERSONAL DANIELA LAURA LOPEZ MOYA;;79;0;79;8/9/2026 17:33;DANIELA LAURA LOPEZ MOYA
358111;PERSONAL JUAN CARLOS RIOS COCA;;168,8;0;168,8;9/9/2026 03:22;JUAN CARLOS RIOS COCA
358185;PERSONAL JUAN CARLOS RIOS COCA;;22;0;22;9/9/2026 07:25;JUAN CARLOS RIOS COCA
358194;PERSONAL ERWIN BORIS COTA ALARCON;PERSONAL ERWIN BORIS COTA ALARCON;154,29;0;154,29;9/9/2026 09:59;AGENCIA
358209;RODRIGO VILLCA;RODRIGO VILLCA;84,18;0;84,18;9/9/2026 15:52;AGENCIA
358210;NELSON D. CHOQUE VARGAS;NELSON;91,3;0;91,3;9/9/2026 15:53;AGENCIA
358426;PERSONAL ANTONIO TOROYA GONZALES;;91,27;0;91,27;10/9/2026 09:16;AGENCIA
358427;PERSONAL FRANZ ESTEBAN SANTOS;;93,4;0;93,4;10/9/2026 09:17;FRANZ ESTEBAN SANTOS BLANCO
358429;PERSONAL DANIELA LAURA LOPEZ MOYA;;93,4;0;93,4;10/9/2026 09:19;DANIELA LAURA LOPEZ MOYA
358430;PERSONAL RUBEN CABALLERO RIVERO;;46,7;0;46,7;10/9/2026 09:20;RUBEN CABALLERO RIVERO
358431;PERSONAL RUTH CERROGRANDE CALLE;;46,7;0;46,7;10/9/2026 09:21;AGENCIA
358437;PERSONAL CONSTANTINO HUANACO MAMANI;;43,11;0;43,11;10/9/2026 09:55;AGENCIA
358441;PERSONAL ANTONIO TOROYA GONZALES;;45,51;0;45,51;10/9/2026 10:14;AGENCIA
358467;PERSONAL JUAN CARLOS RIOS COCA;;201,48;0;201,48;10/9/2026 15:53;JUAN CARLOS RIOS COCA
358802;PERSONAL JUAN CARLOS RIOS COCA;;368;0;368;11/9/2026 07:36;JUAN CARLOS RIOS COCA
358808;PERSONAL ANTONIO TOROYA GONZALES;;142,1;0;142,1;11/9/2026 08:25;AGENCIA
358816;PERSONAL MARINA RAQUEL CALDERON MAMANI;AREA FRESCA SOFIA;84,16;0;84,16;11/9/2026 11:14;AGENCIA
358825;PERSONAL CARLOS MERINO;;50,4;0;50,4;11/9/2026 12:23;NO ATENDIDO
358834;CANDELARIA CAYOJA HEREDIA;;907,2;0;907,2;11/9/2026 16:20;FRANZ ESTEBAN SANTOS BLANCO
359211;PERSONAL CONSTANTINO HUANACO MAMANI;;33,8;0;33,8;12/9/2026 09:11;AGENCIA
359223;PERSONAL REYNA COLQUE;;77,74;0;77,74;12/9/2026 11:51;JUAN CARLOS RIOS COCA
359244;PERSONAL CARLOS MERINO;;67,5;0;67,5;12/9/2026 21:15;NO ATENDIDO
359288;RODRIGO VILLCA;RODRIGO VILLCA;37,18;0;37,18;13/9/2026 12:19;AGENCIA
359289;PERSONAL CONSTANTINO HUANACO MAMANI;;33,8;0;33,8;13/9/2026 12:20;AGENCIA
359421;INDUSTRIAS ALIMENTICIAS PANTOJARSE S.R.L.;PANTOJARSE;1330;0;1330;14/9/2026 12:16;TATIANA MARIA HURTADO MALDONADO
359423;PERSONAL ERWIN BORIS COTA ALARCON;PERSONAL ERWIN BORIS COTA ALARCON;222,5;0;222,5;14/9/2026 12:41;AGENCIA
359658;GIOVANI ALBERTO PEREZ AVILA;;142,6;0;142,6;15/9/2026 16:00;AGENCIA
359913;PERSONAL CRISTIAN LOPEZ MENDOZA;;66,3;0;66,3;16/9/2026 12:18;CRISTIAN LOPEZ MENDOZA
359918;RODRIGO VILLCA;RODRIGO VILLCA;34,76;0;34,76;16/9/2026 15:28;AGENCIA
359978;INDUSTRIAS ALIMENTICIAS PANTOJARSE S.R.L.;PANTOJARSE;5320;0;5320;17/9/2026 03:10;TATIANA MARIA HURTADO MALDONADO
360318;PERSONAL CARLOS MERINO;;117;0;117;17/9/2026 13:40;NO ATENDIDO
360322;PERSONAL DANIELA LAURA LOPEZ MOYA;;337,98;0;337,98;17/9/2026 14:59;DANIELA LAURA LOPEZ MOYA
360326;PERSONAL JUAN CARLOS RIOS COCA;;36,08;0;36,08;17/9/2026 19:12;JUAN CARLOS RIOS COCA
360710;PERSONAL CONSTANTINO HUANACO MAMANI;;36,08;0;36,08;18/9/2026 09:47;AGENCIA
360712;PERSONAL MARINA RAQUEL CALDERON MAMANI;AREA FRESCA SOFIA;27;0;27;18/9/2026 11:03;AGENCIA
360717;PERSONAL DANIELA LAURA LOPEZ MOYA;;149,05;0;149,05;18/9/2026 13:12;DANIELA LAURA LOPEZ MOYA
360721;PERSONAL JUAN CARLOS RIOS COCA;;111,52;0;111,52;18/9/2026 13:53;JUAN CARLOS RIOS COCA
360730;PERSONAL RUTH CERROGRANDE CALLE;;195,6;0;195,6;18/9/2026 18:46;AGENCIA
360759;PERSONAL REYNA COLQUE;;47,4;0;47,4;19/9/2026 00:54;JUAN CARLOS RIOS COCA
361059;PERSONAL CONSTANTINO HUANACO MAMANI;;82;0;82;19/9/2026 09:18;AGENCIA
361064;PERSONAL JUAN CARLOS RIOS COCA;;92,4;0;92,4;19/9/2026 09:45;JUAN CARLOS RIOS COCA
361085;PERSONAL MARINA RAQUEL CALDERON MAMANI;AREA FRESCA SOFIA;33;0;33;19/9/2026 11:19;AGENCIA
361089;PERSONAL RUTH CERROGRANDE CALLE;;281,7;0;281,7;19/9/2026 11:50;AGENCIA
361097;PERSONAL REYNA COLQUE;;17,2;0;17,2;19/9/2026 13:03;JUAN CARLOS RIOS COCA
361098;PERSONAL REYNA COLQUE;;265,2;0;265,2;19/9/2026 13:12;JUAN CARLOS RIOS COCA
361102;PERSONAL CRISTIAN LOPEZ MENDOZA;;109,42;0;109,42;19/9/2026 13:39;CRISTIAN LOPEZ MENDOZA
361184;HELEN EDITH TORREZ PRIALET DE ANDIA;;9296,76;7159,97;2136,79;2/10/2026 10:40;HELEN EDITH TORREZ PRIALETH
361229;CECILIA AYAVIRI A. DE PANIAGUA;;2964,5;2620,63;343,87;1/10/2026 16:21;RUTH CERROGRANDE CALLE
361264;CECILIA AYAVIRI A. DE PANIAGUA;;1545,08;0;1545,08;21/9/2026 06:55;RUTH CERROGRANDE CALLE
361270;HELEN EDITH TORREZ PRIALET DE ANDIA;;17035,4;0;17035,4;21/9/2026 07:07;HELEN EDITH TORREZ PRIALETH
361338;ACTIVACION;ACTIVACION;161,16;0;161,16;21/9/2026 10:45;LAURA JAKELINE ALVIS TUMIRI
361339;PERSONAL ERWIN BORIS COTA ALARCON;PERSONAL ERWIN BORIS COTA ALARCON;372,68;0;372,68;21/9/2026 10:48;AGENCIA
361341;PERSONAL CONSTANTINO HUANACO MAMANI;;83,58;0;83,58;21/9/2026 11:25;AGENCIA
361348;PERSONAL JANETH YOLY MAMANI HUANCA;;157,26;0;157,26;21/9/2026 12:34;AGENCIA
361349;PERSONAL CARLOS MERINO;;49,8;0;49,8;21/9/2026 13:11;NO ATENDIDO
361350;PERSONAL JUAN CARLOS RIOS COCA;;124,5;0;124,5;21/9/2026 13:13;JUAN CARLOS RIOS COCA
361362;PERSONAL FRANZ ESTEBAN SANTOS;;106,4;0;106,4;21/9/2026 16:23;FRANZ ESTEBAN SANTOS BLANCO
361363;PERSONAL JUAN CARLOS RIOS COCA;;152,3;0;152,3;21/9/2026 16:26;JUAN CARLOS RIOS COCA
361390;CECILIA AYAVIRI A. DE PANIAGUA;;180;0;180;22/9/2026 02:07;RUTH CERROGRANDE CALLE
361393;HELEN EDITH TORREZ PRIALET DE ANDIA;;840;0;840;22/9/2026 02:13;HELEN EDITH TORREZ PRIALETH
361477;HELEN EDITH TORREZ PRIALET DE ANDIA;;1154,4;0;1154,4;22/9/2026 03:35;HELEN EDITH TORREZ PRIALETH
361525;HELEN EDITH TORREZ PRIALET DE ANDIA;;8491,98;0;8491,98;22/9/2026 04:38;HELEN EDITH TORREZ PRIALETH
361529;HELEN EDITH TORREZ PRIALET DE ANDIA;;675,5;0;675,5;22/9/2026 04:46;HELEN EDITH TORREZ PRIALETH
361530;CECILIA AYAVIRI A. DE PANIAGUA;;346,4;0;346,4;22/9/2026 04:47;RUTH CERROGRANDE CALLE
361538;HELEN EDITH TORREZ PRIALET DE ANDIA;;7040,25;0;7040,25;22/9/2026 05:10;HELEN EDITH TORREZ PRIALETH
361540;MELVI ELIZABETH SOTO LLAVE;;2125,5;361,8;1763,7;30/9/2026 13:01;TATIANA MARIA HURTADO MALDONADO
361545;HELEN EDITH TORREZ PRIALET DE ANDIA;;996,39;0;996,39;22/9/2026 05:37;HELEN EDITH TORREZ PRIALETH
361554;CECILIA AYAVIRI A. DE PANIAGUA;;289,64;0;289,64;22/9/2026 07:25;RUTH CERROGRANDE CALLE
361555;HELEN EDITH TORREZ PRIALET DE ANDIA;;1143;0;1143;22/9/2026 07:27;HELEN EDITH TORREZ PRIALETH
361572;PERSONAL LAURA JAKELINE ALVIS TUMIRI;PERSONAL LAURA JAKELINE ALVIS TUMIRI;79,6;0;79,6;22/9/2026 15:34;LAURA JAKELINE ALVIS TUMIRI
361575;PERSONAL JANNET FLOREZ;;61,28;0;61,28;22/9/2026 15:42;AGENCIA
361579;CECILIA AYAVIRI A. DE PANIAGUA;;4283,86;0;4283,86;22/9/2026 20:07;RUTH CERROGRANDE CALLE
361586;HELEN EDITH TORREZ PRIALET DE ANDIA;;1202,6;0;1202,6;23/9/2026 00:46;HELEN EDITH TORREZ PRIALETH
361667;HELEN EDITH TORREZ PRIALET DE ANDIA;;7178,32;0;7178,32;23/9/2026 02:07;HELEN EDITH TORREZ PRIALETH
361758;HELEN EDITH TORREZ PRIALET DE ANDIA;;19455,5;0;19455,5;23/9/2026 08:14;HELEN EDITH TORREZ PRIALETH
361776;HELEN EDITH TORREZ PRIALET DE ANDIA;;1030,8;0;1030,8;23/9/2026 11:35;HELEN EDITH TORREZ PRIALETH
361782;PERSONAL JANETH YOLY MAMANI HUANCA;;265,2;0;265,2;23/9/2026 12:41;AGENCIA
361785;RODRIGO VILLCA;RODRIGO VILLCA;80,38;0;80,38;23/9/2026 16:28;AGENCIA
361896;HELEN EDITH TORREZ PRIALET DE ANDIA;;9866,02;0;9866,02;24/9/2026 04:03;HELEN EDITH TORREZ PRIALETH
362010;HELEN EDITH TORREZ PRIALET DE ANDIA;;15510;0;15510;24/9/2026 06:02;HELEN EDITH TORREZ PRIALETH
362043;HELEN EDITH TORREZ PRIALET DE ANDIA;;3984,75;0;3984,75;24/9/2026 07:07;HELEN EDITH TORREZ PRIALETH
362048;CANDELARIA CAYOJA HEREDIA;;9786,8;0;9786,8;24/9/2026 07:53;FRANZ ESTEBAN SANTOS BLANCO
362073;HELEN EDITH TORREZ PRIALET DE ANDIA;;6022,7;0;6022,7;24/9/2026 14:42;HELEN EDITH TORREZ PRIALETH
362152;HELEN EDITH TORREZ PRIALET DE ANDIA;;3631,69;0;3631,69;25/9/2026 02:22;HELEN EDITH TORREZ PRIALETH
362274;HELEN EDITH TORREZ PRIALET DE ANDIA;;4966;0;4966;25/9/2026 05:06;HELEN EDITH TORREZ PRIALETH
362324;HELEN EDITH TORREZ PRIALET DE ANDIA;;7722;0;7722;25/9/2026 06:23;HELEN EDITH TORREZ PRIALETH
362359;HELEN EDITH TORREZ PRIALET DE ANDIA;;4486;0;4486;25/9/2026 07:25;HELEN EDITH TORREZ PRIALETH
362373;PERSONAL MARINA RAQUEL CALDERON MAMANI;AREA FRESCA SOFIA;123,85;0;123,85;25/9/2026 11:18;AGENCIA
362374;PERSONAL MARINA RAQUEL CALDERON MAMANI;AREA FRESCA SOFIA;27;0;27;25/9/2026 11:19;AGENCIA
362378;HELEN EDITH TORREZ PRIALET DE ANDIA;;4829,76;0;4829,76;25/9/2026 14:11;HELEN EDITH TORREZ PRIALETH
362391;BENJAMÍN VARGAS HUAYLLA;;13352,78;10038,04;3314,74;1/10/2026 16:23;TATIANA MARIA HURTADO MALDONADO
362466;HELEN EDITH TORREZ PRIALET DE ANDIA;;2323,11;0;2323,11;26/9/2026 03:31;HELEN EDITH TORREZ PRIALETH
362605;HELEN EDITH TORREZ PRIALET DE ANDIA;;9992;0;9992;26/9/2026 05:37;HELEN EDITH TORREZ PRIALETH
362610;ELIZABETH CRISTINA LLAVE AJHUACHO;;5274,4;775,96;4498,44;30/9/2026 13:00;TATIANA MARIA HURTADO MALDONADO
362611;HELEN EDITH TORREZ PRIALET DE ANDIA;;7887;0;7887;26/9/2026 05:45;HELEN EDITH TORREZ PRIALETH
362674;RODRIGO VILLCA;RODRIGO VILLCA;273;0;273;26/9/2026 08:08;AGENCIA
362714;HELEN EDITH TORREZ PRIALET DE ANDIA;;4753,82;0;4753,82;26/9/2026 13:14;HELEN EDITH TORREZ PRIALETH
362715;HELEN EDITH TORREZ PRIALET DE ANDIA;;7402,1;0;7402,1;26/9/2026 13:17;HELEN EDITH TORREZ PRIALETH
362716;PERSONAL DANIELA LAURA LOPEZ MOYA;;29;0;29;26/9/2026 13:25;DANIELA LAURA LOPEZ MOYA
362719;PERSONAL CONSTANTINO HUANACO MAMANI;;22,95;0;22,95;26/9/2026 14:23;AGENCIA
362736;HELEN EDITH TORREZ PRIALET DE ANDIA;;747,8;0;747,8;27/9/2026 07:32;HELEN EDITH TORREZ PRIALETH
362771;HELEN EDITH TORREZ PRIALET DE ANDIA;;5317,45;0;5317,45;28/9/2026 01:35;HELEN EDITH TORREZ PRIALETH
362799;CECILIA AYAVIRI A. DE PANIAGUA;;908,69;0;908,69;28/9/2026 02:27;RUTH CERROGRANDE CALLE
362806;ELIZABETH CRISTINA LLAVE AJHUACHO;;4996,8;0;4996,8;28/9/2026 02:51;TATIANA MARIA HURTADO MALDONADO
362816;HELEN EDITH TORREZ PRIALET DE ANDIA;;1803,2;0;1803,2;28/9/2026 03:25;HELEN EDITH TORREZ PRIALETH
362881;HELEN EDITH TORREZ PRIALET DE ANDIA;;1314;0;1314;29/9/2026 00:20;HELEN EDITH TORREZ PRIALETH
362901;YOLA MAMANI MAMANI;;738;0;738;29/9/2026 00:44;DANIELA LAURA LOPEZ MOYA
362904;HELEN EDITH TORREZ PRIALET DE ANDIA;;6107,89;0;6107,89;29/9/2026 00:53;HELEN EDITH TORREZ PRIALETH
362991;MAURA MOLLO CHOQUECALLATA;;1272,3;0;1272,3;29/9/2026 02:51;CRISTIAN LOPEZ MENDOZA
363008;GILKA DE LA RIVA MIRANDA;;231;0;231;29/9/2026 03:30;RUBEN CABALLERO RIVERO
363041;YOLA MAMANI MAMANI;;1872,4;0;1872,4;29/9/2026 04:28;DANIELA LAURA LOPEZ MOYA
363069;HELEN EDITH TORREZ PRIALET DE ANDIA;;2551;0;2551;29/9/2026 05:09;HELEN EDITH TORREZ PRIALETH
363072;YOLA MAMANI MAMANI;;7822,5;0;7822,5;29/9/2026 05:14;DANIELA LAURA LOPEZ MOYA
363077;YOLA MAMANI MAMANI;;4866,75;0;4866,75;29/9/2026 05:21;DANIELA LAURA LOPEZ MOYA
363099;PERSONAL DANIELA LAURA LOPEZ MOYA;;100;50;50;5/10/2026 17:10;DANIELA LAURA LOPEZ MOYA
363103;PERSONAL RUTH CERROGRANDE CALLE;;100;0;100;29/9/2026 10:27;AGENCIA
363105;TIENDAS DE BARRIO ORURO;;500;0;500;29/9/2026 10:30;NO ATENDIDO
363117;PERSONAL CRISTIAN LOPEZ MENDOZA;;100;0;100;29/9/2026 11:45;CRISTIAN LOPEZ MENDOZA
363146;PERSONAL ERWIN BORIS COTA ALARCON;PERSONAL ERWIN BORIS COTA ALARCON;250;0;250;29/9/2026 19:53;AGENCIA
363150;TIENDAS DE BARRIO ORURO;;684,72;0;684,72;29/9/2026 22:48;NO ATENDIDO
363151;TIENDAS DE BARRIO ORURO;;122,72;0;122,72;29/9/2026 22:51;NO ATENDIDO
363152;BENJAMÍN VARGAS HUAYLLA;;8346,54;0;8346,54;30/9/2026 02:25;TATIANA MARIA HURTADO MALDONADO
363199;HELEN EDITH TORREZ PRIALET DE ANDIA;;12530,94;0;12530,94;30/9/2026 03:52;HELEN EDITH TORREZ PRIALETH
363200;BAJAS POR BONIFICACIONES;;164,8;0;164,8;30/9/2026 03:53;AGENCIA
363207;BAJAS POR BONIFICACIONES;;38;0;38;30/9/2026 04:01;AGENCIA
363227;BAJAS POR CALIDAD;SOFIA;180,48;0;180,48;30/9/2026 04:31;AGENCIA
363236;HELEN EDITH TORREZ PRIALET DE ANDIA;;6362;0;6362;30/9/2026 04:54;HELEN EDITH TORREZ PRIALETH
363270;GILKA DE LA RIVA MIRANDA;;326,4;0;326,4;30/9/2026 05:34;RUBEN CABALLERO RIVERO
363271;MARTHA LUZ GUZMAN VILLARROEL;;2485;0;2485;30/9/2026 05:36;DANIELA LAURA LOPEZ MOYA
363273;CECILIA AYAVIRI A. DE PANIAGUA;;288,75;0;288,75;30/9/2026 05:39;RUTH CERROGRANDE CALLE
363281;BAJAS POR BONIFICACIONES;;65,71;0;65,71;30/9/2026 05:52;AGENCIA
363290;BAJAS POR DEGUSTACION;SOFIA;231;0;231;30/9/2026 08:15;LAURA JAKELINE ALVIS TUMIRI
363294;BAJAS POR BONIFICACIONES;;164;0;164;30/9/2026 09:00;AGENCIA
363300;BAJAS POR CALIDAD;SOFIA;62;0;62;30/9/2026 10:07;AGENCIA
363323;CHARO COLQUE ANDRADE;CHARO COLQUE ANDRADE;335;0;335;1/10/2026 01:34;JUAN CARLOS RIOS COCA
363347;HELEN EDITH TORREZ PRIALET DE ANDIA;;10600,89;0;10600,89;1/10/2026 02:25;HELEN EDITH TORREZ PRIALETH
363364;BAJAS POR BONIFICACIONES;;55,5;0;55,5;1/10/2026 03:28;AGENCIA
363381;BAJAS POR BONIFICACIONES;;38;0;38;1/10/2026 03:52;AGENCIA
363404;BAJAS POR BONIFICACIONES;;87,2;0;87,2;1/10/2026 04:19;AGENCIA
363406;BAJAS POR BONIFICACIONES;;38;0;38;1/10/2026 04:21;AGENCIA
363433;SANTOS FRANZ;SANTOS FRANZ;412,7;0;412,7;1/10/2026 04:57;RUBEN CABALLERO RIVERO
363438;JHONNY HUALLCO ESPINOZA;;177,46;0;177,46;1/10/2026 05:02;LAURA JAKELINE ALVIS TUMIRI
363448;ALVARO MARCELO CHAVEZ AREVALO;ALVARO MARCELO CHAVEZ AREVALO;2154,8;0;2154,8;1/10/2026 05:14;CRISTIAN LOPEZ MENDOZA
363451;CAROLAY CONDORI CORDOVA;;1045,44;0;1045,44;1/10/2026 05:17;DANIELA LAURA LOPEZ MOYA
363452;MARIO PEDRO LUIZAGA CORRALES;;289,52;0;289,52;1/10/2026 05:19;JUAN CARLOS RIOS COCA
363456;IPRAL A Y V S.R.L.;;15865,12;0;15865,12;1/10/2026 05:24;LAURA JAKELINE ALVIS TUMIRI
363457;HELEN EDITH TORREZ PRIALET DE ANDIA;;6120,8;0;6120,8;1/10/2026 05:27;HELEN EDITH TORREZ PRIALETH
363459;ELEVAINVERSIONES S.R.L.;TROPICAL CHICKEN;1279,85;0;1279,85;1/10/2026 05:31;TATIANA MARIA HURTADO MALDONADO
363467;ELIZABETH CRISTINA LLAVE AJHUACHO;;4250,75;0;4250,75;1/10/2026 05:43;TATIANA MARIA HURTADO MALDONADO
363470;MARIO PEDRO LUIZAGA CORRALES;;8294,8;0;8294,8;1/10/2026 05:51;JUAN CARLOS RIOS COCA
363471;CHARO COLQUE ANDRADE;CHARO COLQUE ANDRADE;10281,28;0;10281,28;1/10/2026 05:53;JUAN CARLOS RIOS COCA
363488;CECILIA AYAVIRI A. DE PANIAGUA;;1155;0;1155;1/10/2026 06:18;RUTH CERROGRANDE CALLE
363490;HELEN EDITH TORREZ PRIALET DE ANDIA;;5445;0;5445;1/10/2026 06:21;HELEN EDITH TORREZ PRIALETH
363492;CECILIA AYAVIRI A. DE PANIAGUA;;2805;0;2805;1/10/2026 06:23;RUTH CERROGRANDE CALLE
363506;VALERIA MABEL NOGUERA MAMANY;SANVAL S;309,4;0;309,4;1/10/2026 06:41;RUBEN CABALLERO RIVERO
363527;INDUSTRIAS ALIMENTICIAS PANTOJARSE S.R.L.;PANTOJARSE;4762,5;0;4762,5;1/10/2026 11:21;TATIANA MARIA HURTADO MALDONADO
363535;HELEN EDITH TORREZ PRIALET DE ANDIA;;7195,44;0;7195,44;1/10/2026 13:16;HELEN EDITH TORREZ PRIALETH
363537;HELEN EDITH TORREZ PRIALET DE ANDIA;;859,08;0;859,08;1/10/2026 13:37;HELEN EDITH TORREZ PRIALETH
363538;JHONNY HUALLCO ESPINOZA;;467;0;467;1/10/2026 13:57;LAURA JAKELINE ALVIS TUMIRI
363539;JHONNY HUALLCO ESPINOZA;;700,5;0;700,5;1/10/2026 14:00;LAURA JAKELINE ALVIS TUMIRI
363540;SOCIEDAD INVERSORA PORVENIR S.A.;;14070,85;0;14070,85;1/10/2026 14:14;CRISTIAN LOPEZ MENDOZA
363541;BAJAS POR BONIFICACIONES;;38;0;38;1/10/2026 14:15;AGENCIA
363550;SOCIEDAD INVERSORA PORVENIR S.A.;;172;0;172;1/10/2026 18:18;CRISTIAN LOPEZ MENDOZA
363559;CAROLAY CONDORI CORDOVA;;2800;0;2800;2/10/2026 01:06;DANIELA LAURA LOPEZ MOYA
363566;FRIAL PUNTO FRIO EXCELENTE;;870;0;870;2/10/2026 01:14;DANIELA LAURA LOPEZ MOYA
363599;HELEN EDITH TORREZ PRIALET DE ANDIA;;4754,05;0;4754,05;2/10/2026 02:02;HELEN EDITH TORREZ PRIALETH
363608;BAJAS POR BONIFICACIONES;;38;0;38;2/10/2026 02:16;AGENCIA
363609;IPRAL A Y V S.R.L.;;3690,38;0;3690,38;2/10/2026 02:22;LAURA JAKELINE ALVIS TUMIRI
363611;BAJAS POR BONIFICACIONES;;111;0;111;2/10/2026 02:25;AGENCIA
363620;BRASERO 3735 S.R.L.;;557;0;557;2/10/2026 02:35;RUTH CERROGRANDE CALLE
363622;CECILIA AYAVIRI A. DE PANIAGUA;;540,76;0;540,76;2/10/2026 02:37;RUTH CERROGRANDE CALLE
363623;FRIAL PUNTO FRIO EXCELENTE;;375,55;0;375,55;2/10/2026 02:39;DANIELA LAURA LOPEZ MOYA
363625;CAROLAY CONDORI CORDOVA;;3392,4;0;3392,4;2/10/2026 02:42;DANIELA LAURA LOPEZ MOYA
363628;BAJAS POR BONIFICACIONES;;38;0;38;2/10/2026 02:46;AGENCIA
363639;BAJAS POR BONIFICACIONES;;111;0;111;2/10/2026 02:55;AGENCIA
363643;BAJAS POR BONIFICACIONES;;54,8;0;54,8;2/10/2026 03:01;AGENCIA
363655;BAJAS POR BONIFICACIONES;;101,14;0;101,14;2/10/2026 03:10;AGENCIA
363664;SANTOS FRANZ;SANTOS FRANZ;719,05;0;719,05;2/10/2026 03:18;RUBEN CABALLERO RIVERO
363674;GILKA DE LA RIVA MIRANDA;;386,5;0;386,5;2/10/2026 03:24;RUBEN CABALLERO RIVERO
363679;GILKA DE LA RIVA MIRANDA;;209,5;0;209,5;2/10/2026 03:28;RUBEN CABALLERO RIVERO
363698;PAMELA NICKOL MIRANDA CANAZA;;2754;0;2754;2/10/2026 03:48;JUAN CARLOS RIOS COCA
363711;SANTOS FRANZ;SANTOS FRANZ;206;0;206;2/10/2026 04:05;RUBEN CABALLERO RIVERO
363719;BAJAS POR BONIFICACIONES;;27,4;0;27,4;2/10/2026 04:13;AGENCIA
363736;MAURA MOLLO CHOQUECALLATA;;200;0;200;2/10/2026 04:37;CRISTIAN LOPEZ MENDOZA
363739;ALVARO MARCELO CHAVEZ AREVALO;ALVARO MARCELO CHAVEZ AREVALO;2145,49;0;2145,49;2/10/2026 04:41;CRISTIAN LOPEZ MENDOZA
363741;ELIZABETH CRISTINA LLAVE AJHUACHO;;52;0;52;2/10/2026 04:43;TATIANA MARIA HURTADO MALDONADO
363743;ELIZABETH CRISTINA LLAVE AJHUACHO;;4164;0;4164;2/10/2026 04:47;TATIANA MARIA HURTADO MALDONADO
363758;FRIAL PUNTO FRIO EXCELENTE;;1273,24;0;1273,24;2/10/2026 05:08;DANIELA LAURA LOPEZ MOYA
363760;IPRAL A Y V S.R.L.;;310,2;0;310,2;2/10/2026 05:10;LAURA JAKELINE ALVIS TUMIRI
363761;ELEVAINVERSIONES S.R.L.;TROPICAL CHICKEN;2811,2;0;2811,2;2/10/2026 05:12;TATIANA MARIA HURTADO MALDONADO
363762;HELEN EDITH TORREZ PRIALET DE ANDIA;;7386,3;0;7386,3;2/10/2026 05:15;HELEN EDITH TORREZ PRIALETH
363793;MARTHA CANAZA VIDEZ;;2004;0;2004;2/10/2026 05:52;JUAN CARLOS RIOS COCA
363804;BAJAS POR BONIFICACIONES;;122,4;0;122,4;2/10/2026 06:03;AGENCIA
363807;HELEN EDITH TORREZ PRIALET DE ANDIA;;7084;0;7084;2/10/2026 06:06;HELEN EDITH TORREZ PRIALETH
363808;HELEN EDITH TORREZ PRIALET DE ANDIA;;7755;0;7755;2/10/2026 06:07;HELEN EDITH TORREZ PRIALETH
363821;GILKA DE LA RIVA MIRANDA;;142,8;0;142,8;2/10/2026 06:21;RUBEN CABALLERO RIVERO
363822;VALERIA MABEL NOGUERA MAMANY;SANVAL S;532,28;0;532,28;2/10/2026 06:23;RUBEN CABALLERO RIVERO
363865;JHONNY HUALLCO ESPINOZA;;8063,68;0;8063,68;2/10/2026 07:02;LAURA JAKELINE ALVIS TUMIRI
363880;MARIO PEDRO LUIZAGA CORRALES;;114;0;114;2/10/2026 07:29;JUAN CARLOS RIOS COCA
363882;BAJAS POR BONIFICACIONES;;55,5;0;55,5;2/10/2026 07:31;AGENCIA
363903;HELEN EDITH TORREZ PRIALET DE ANDIA;;4282,31;0;4282,31;2/10/2026 13:30;HELEN EDITH TORREZ PRIALETH
363904;HELEN EDITH TORREZ PRIALET DE ANDIA;;667,4;0;667,4;2/10/2026 13:39;HELEN EDITH TORREZ PRIALETH
363907;BAJAS POR BONIFICACIONES;;20;0;20;2/10/2026 14:02;AGENCIA
363913;HELEN EDITH TORREZ PRIALET DE ANDIA;;654,12;0;654,12;2/10/2026 18:22;HELEN EDITH TORREZ PRIALETH
363915;EULALIA BLANCO;EULALIA BLANCO;2020,64;0;2020,64;3/10/2026 00:25;FRANZ ESTEBAN SANTOS BLANCO
363926;HELEN EDITH TORREZ PRIALET DE ANDIA;;1130;0;1130;3/10/2026 02:26;HELEN EDITH TORREZ PRIALETH
363934;BAJAS POR BONIFICACIONES;;30;0;30;3/10/2026 02:37;AGENCIA
363936;BAJAS POR BONIFICACIONES;;60;0;60;3/10/2026 02:39;AGENCIA
363943;BAJAS POR BONIFICACIONES;;28,5;0;28,5;3/10/2026 02:46;AGENCIA
363956;BAJAS POR BONIFICACIONES;;114;0;114;3/10/2026 02:58;AGENCIA
363972;BAJAS POR BONIFICACIONES;;76;0;76;3/10/2026 03:16;AGENCIA
363982;ALVARO MARCELO CHAVEZ AREVALO;ALVARO MARCELO CHAVEZ AREVALO;1380,82;0;1380,82;3/10/2026 03:37;CRISTIAN LOPEZ MENDOZA
363985;SANDRA JIOVANA ADUVIRI LOVERA;;635;0;635;3/10/2026 03:41;JUAN CARLOS RIOS COCA
363992;BAJAS POR BONIFICACIONES;;49,2;0;49,2;3/10/2026 03:48;AGENCIA
364008;HELEN EDITH TORREZ PRIALET DE ANDIA;;8591,98;0;8591,98;3/10/2026 04:25;HELEN EDITH TORREZ PRIALETH
364013;BAJAS POR BONIFICACIONES;;359,2;0;359,2;3/10/2026 04:33;AGENCIA
364020;FRIAL PUNTO FRIO EXCELENTE;;814,75;0;814,75;3/10/2026 04:46;DANIELA LAURA LOPEZ MOYA
364023;BAJAS POR BONIFICACIONES;;27,4;0;27,4;3/10/2026 04:56;AGENCIA
364043;ELEVAINVERSIONES S.R.L.;TROPICAL CHICKEN;5898,41;0;5898,41;3/10/2026 05:26;TATIANA MARIA HURTADO MALDONADO
364047;BAJAS POR BONIFICACIONES;;82,2;0;82,2;3/10/2026 05:31;AGENCIA
364049;BAJAS POR BONIFICACIONES;;54,8;0;54,8;3/10/2026 05:34;AGENCIA
364056;BAJAS POR BONIFICACIONES;;54,8;0;54,8;3/10/2026 05:42;AGENCIA
364064;CAROLAY CONDORI CORDOVA;;1471,32;0;1471,32;3/10/2026 05:54;DANIELA LAURA LOPEZ MOYA
364086;BAJAS POR CALIDAD;SOFIA;97,92;0;97,92;3/10/2026 06:07;AGENCIA
364108;BAJAS POR CALIDAD;SOFIA;117,6;0;117,6;3/10/2026 06:19;AGENCIA
364114;ELIZABETH CRISTINA LLAVE AJHUACHO;;7981;0;7981;3/10/2026 06:23;TATIANA MARIA HURTADO MALDONADO
364116;SANDRA JIOVANA ADUVIRI LOVERA;;2595,45;0;2595,45;3/10/2026 06:24;JUAN CARLOS RIOS COCA
364121;ALVARO MARCELO CHAVEZ AREVALO;ALVARO MARCELO CHAVEZ AREVALO;1405,95;0;1405,95;3/10/2026 06:29;CRISTIAN LOPEZ MENDOZA
364140;CHARLIE ALANEZ COPA;;707;0;707;3/10/2026 06:46;TATIANA MARIA HURTADO MALDONADO
364150;HELEN EDITH TORREZ PRIALET DE ANDIA;;11469,8;0;11469,8;3/10/2026 06:53;HELEN EDITH TORREZ PRIALETH
364152;MARCOS FAUSTINO RIBEIRO;;3775;2091,6;1683,4;5/10/2026 16:07;TATIANA MARIA HURTADO MALDONADO
364155;ELEVAINVERSIONES S.R.L.;TROPICAL CHICKEN;3172,7;0;3172,7;3/10/2026 06:58;TATIANA MARIA HURTADO MALDONADO
364159;MARCOS FAUSTINO RIBEIRO;;2316,6;0;2316,6;3/10/2026 07:01;TATIANA MARIA HURTADO MALDONADO
364160;BENJAMÍN VARGAS HUAYLLA;;5684,8;0;5684,8;3/10/2026 07:03;TATIANA MARIA HURTADO MALDONADO
364161;HELEN EDITH TORREZ PRIALET DE ANDIA;;15163,5;0;15163,5;3/10/2026 07:04;HELEN EDITH TORREZ PRIALETH
364171;GILKA DE LA RIVA MIRANDA;;988,95;0;988,95;3/10/2026 07:14;RUBEN CABALLERO RIVERO
364187;FRIAL PUNTO FRIO EXCELENTE;;780,28;0;780,28;3/10/2026 07:24;DANIELA LAURA LOPEZ MOYA
364207;VALERIA MABEL NOGUERA MAMANY;SANVAL S;455,76;0;455,76;3/10/2026 07:37;RUBEN CABALLERO RIVERO
364208;GILKA DE LA RIVA MIRANDA;;462,6;0;462,6;3/10/2026 07:38;RUBEN CABALLERO RIVERO
364217;JHONNY HUALLCO ESPINOZA;;10677,64;0;10677,64;3/10/2026 07:53;LAURA JAKELINE ALVIS TUMIRI
364218;SANTOS FRANZ;SANTOS FRANZ;641;0;641;3/10/2026 07:54;RUBEN CABALLERO RIVERO
364219;JHONNY HUALLCO ESPINOZA;;3843,44;0;3843,44;3/10/2026 07:54;LAURA JAKELINE ALVIS TUMIRI
364227;GILKA DE LA RIVA MIRANDA;;702;0;702;3/10/2026 08:14;RUBEN CABALLERO RIVERO
364232;BENJAMÍN VARGAS HUAYLLA;;23070,08;0;23070,08;3/10/2026 08:26;TATIANA MARIA HURTADO MALDONADO
364242;BAJAS POR BONIFICACIONES;;27,4;0;27,4;3/10/2026 08:39;AGENCIA
364256;PERSONAL DANIELA LAURA LOPEZ MOYA;;60;0;60;3/10/2026 08:52;DANIELA LAURA LOPEZ MOYA
364257;PERSONAL DANIELA LAURA LOPEZ MOYA;;108;0;108;3/10/2026 08:53;DANIELA LAURA LOPEZ MOYA
364270;JORGE LUIS RAMOS VASQUEZ;;16207,8;0;16207,8;3/10/2026 10:28;FRANZ ESTEBAN SANTOS BLANCO
364273;BAJAS POR BONIFICACIONES;;280;0;280;3/10/2026 11:06;AGENCIA
364281;PERSONAL CRISTIAN LOPEZ MENDOZA;;72,02;0;72,02;3/10/2026 12:35;CRISTIAN LOPEZ MENDOZA
364303;HELEN EDITH TORREZ PRIALET DE ANDIA;;6766,4;0;6766,4;3/10/2026 15:13;HELEN EDITH TORREZ PRIALETH
364304;HELEN EDITH TORREZ PRIALET DE ANDIA;;2876,25;0;2876,25;3/10/2026 15:15;HELEN EDITH TORREZ PRIALETH
364305;PERSONAL MARINA RAQUEL CALDERON MAMANI;AREA FRESCA SOFIA;92,84;0;92,84;3/10/2026 16:01;AGENCIA
364306;PERSONAL MARINA RAQUEL CALDERON MAMANI;AREA FRESCA SOFIA;340;0;340;3/10/2026 16:02;AGENCIA
364312;ALVARO MARCELO CHAVEZ AREVALO;ALVARO MARCELO CHAVEZ AREVALO;1883,38;0;1883,38;4/10/2026 04:41;CRISTIAN LOPEZ MENDOZA
364316;JULIA MARIA CARAPI;;1856,45;0;1856,45;4/10/2026 04:47;CRISTIAN LOPEZ MENDOZA
364321;JHONNY HUALLCO ESPINOZA;;4610,16;0;4610,16;4/10/2026 04:56;LAURA JAKELINE ALVIS TUMIRI
364322;VALERIA MABEL NOGUERA MAMANY;SANVAL S;694,78;0;694,78;4/10/2026 04:57;RUBEN CABALLERO RIVERO
364328;JULIA MARIA CARAPI;;1296;0;1296;4/10/2026 06:53;CRISTIAN LOPEZ MENDOZA
364342;MARIA ROXANA MAMANI CHAVARRIA;;838;0;838;5/10/2026 01:24;CRISTIAN LOPEZ MENDOZA
364343;ROCIO TOPORI CAYO;;1257;0;1257;5/10/2026 01:26;RUBEN CABALLERO RIVERO
364357;ELIZABETH CRISTINA LLAVE AJHUACHO;;2637,2;0;2637,2;5/10/2026 01:57;TATIANA MARIA HURTADO MALDONADO
364358;MERI MARINA TITO HUARACHI;;1350;0;1350;5/10/2026 02:00;CRISTIAN LOPEZ MENDOZA
364361;ROCIO TOPORI CAYO;;7981;0;7981;5/10/2026 02:11;RUBEN CABALLERO RIVERO
364362;HELEN EDITH TORREZ PRIALET DE ANDIA;;10810,01;0;10810,01;5/10/2026 02:47;HELEN EDITH TORREZ PRIALETH
364367;JOSE ANTONIO ANOVER ROCHA;;811,41;0;811,41;5/10/2026 03:00;RUTH CERROGRANDE CALLE
364368;BAJAS POR BONIFICACIONES;;25,8;0;25,8;5/10/2026 03:01;AGENCIA
364381;FRANCO JESÚS VERDUGUEZ PEREZ;FRANCO JESÚS VERDUGUEZ PEREZ;362,2;0;362,2;5/10/2026 03:41;JUAN CARLOS RIOS COCA
364382;PETRONILA JÁUREGUI MENDOZA;POLLOS YOYO;529;0;529;5/10/2026 03:42;DANIELA LAURA LOPEZ MOYA
364393;SANTOS FRANZ;SANTOS FRANZ;157,6;0;157,6;5/10/2026 03:54;RUBEN CABALLERO RIVERO
364394;MARIA ROXANA MAMANI CHAVARRIA;;8274,42;0;8274,42;5/10/2026 04:09;CRISTIAN LOPEZ MENDOZA
364400;LUIS MIGUEL AQUINO JIMENEZ;;366,7;0;366,7;5/10/2026 04:19;CRISTIAN LOPEZ MENDOZA
364401;ALVARO MARCELO CHAVEZ AREVALO;ALVARO MARCELO CHAVEZ AREVALO;4695,6;0;4695,6;5/10/2026 04:23;CRISTIAN LOPEZ MENDOZA
364407;ERIKA LUPE FERNANDEZ;;912;0;912;5/10/2026 04:32;JUAN CARLOS RIOS COCA
364412;ROSSEMARY MATEO FIESTA;;2152,32;0;2152,32;5/10/2026 04:44;RUTH CERROGRANDE CALLE
364413;JHENNIFER LEOCADIA PÉREZ AMPUERO;;290,7;190,5;100,2;5/10/2026 15:13;RUTH CERROGRANDE CALLE
364414;CLAUDIA PATRICIA CAZORLA CARRENO;;248,4;0;248,4;5/10/2026 04:46;RUTH CERROGRANDE CALLE
364419;CAROLAY CONDORI CORDOVA;;1482,24;0;1482,24;5/10/2026 05:09;DANIELA LAURA LOPEZ MOYA
364421;CLAUDIA LENY CHOQUETICLLA ORDOÑEZ;;170;0;170;5/10/2026 05:11;DANIELA LAURA LOPEZ MOYA
364424;JHONNY HUALLCO ESPINOZA;;4683,12;0;4683,12;5/10/2026 05:14;LAURA JAKELINE ALVIS TUMIRI
364425;VALERIA MABEL NOGUERA MAMANY;SANVAL S;885,86;0;885,86;5/10/2026 05:17;RUBEN CABALLERO RIVERO
364432;HELEN EDITH TORREZ PRIALET DE ANDIA;;12202;0;12202;5/10/2026 05:31;HELEN EDITH TORREZ PRIALETH
364433;ELEVAINVERSIONES S.R.L.;TROPICAL CHICKEN;6130,5;0;6130,5;5/10/2026 05:32;TATIANA MARIA HURTADO MALDONADO
364441;JOSE ACHOCALLA MITMA;;243,18;0;243,18;5/10/2026 05:47;CRISTIAN LOPEZ MENDOZA
364442;CLIENTE NUEVO - JUAN CARLOS RIOS;CLIENTE NUEVO - CRISTIAN PATIÑO;131,62;0;131,62;5/10/2026 05:48;JUAN CARLOS RIOS COCA
364446;CLIENTE NUEVO - JUAN CARLOS RIOS;CLIENTE NUEVO - CRISTIAN PATIÑO;116;0;116;5/10/2026 07:22;JUAN CARLOS RIOS COCA
364447;FRANZ DIEGO ANTONIO GUTIERREZ;;140,8;0;140,8;5/10/2026 07:24;RUTH CERROGRANDE CALLE
