cod_prod;stock
141110;0,90
141201;112,00
141203;12,00
141204;7,00
141302;37,00
141303;19,00
141402;30,00
141403;60,00
141404;26,00
141405;110,00
141406;37,00
141407;46,00
141607;53,00
141701;38,00
141702;30,00
141703;5,00
141704;18,00
141707;7,85
141712;0,00
141912;8,00
210005;6,00
210007;0,00
211019;80,00
212096;0,00
330001;0,00
501216;189,70
501704;5697,60
501745;66,90
501762;735,30
502101;5148,60
502106;4630,80
502108;5045,80
503710;13,15
503711;0,00
503962;9,25
504800;56,00
510301;14,30
510302;0,65
510305;20,50
510308;11,16
511221;11,80
511223;0,00
511227;25,90
511228;19,55
511229;31,05
511254;15,65
512364;14,65
512368;11,40
512395;7,75
520001;4,45
520303;181,00
521806;1,05
523305;92,00
530005;0,00
530018;237,20
530019;244,23
530023;273,00
530024;367,00
530025;262,00
530039;56,00
530306;122,00
530321;131,00
531501;413,91
531502;34,55
531521;705,70
533000;47,70
533003;93,70
533328;3,00
533330;1,00
533348;1,00
533373;0,00
535700;0,00
535801;16,00
535805;397,00
540012;1369,00
540024;162,00
540036;279,00
540037;0,00
540065;0,00
540092;113,00
540189;0,00
540304;294,00
540305;280,00
540309;0,00
541042;0,00
541308;0,00
541504;318,00
541505;115,00
541506;9,00
541507;63,00
541508;25,00
541510;395,00
541513;0,00
541515;166,00
541516;192,00
541517;60,00
541522;351,00
541525;288,00
541533;202,00
541539;0,00
541540;0,00
541559;25,00
541571;446,00
541584;68,00
541605;160,00
541606;0,00
541607;0,00
541611;25,00
541612;0,00
541617;53,00
542035;548,00
542036;109,00
542040;390,00
544109;0,00
550101;0,00
550102;120,00
550103;82,00
550302;121,00
550303;54,00
550305;125,00
550420;148,00
550501;27,00
550505;0,00
550911;146,00
550913;0,00
550915;138,00
550917;159,00
560101;44,00
560103;41,00
560105;54,00
560510;22,00
560512;0,00
640000;52,00
640002;23,00
640005;0,00
640007;53,00
640008;0,00
641004;5,00
650101;4,00
650102;8,00
650103;26,00
650104;12,00
650112;11,00
650113;12,00
650114;19,00
650121;8,00
650122;18,00
650123;16,00
650124;14,00
650131;8,00
650132;17,00
650133;20,00
650134;11,00
650200;350,00
650202;71,00
650256;92,00
650257;15,00
650303;70,00
651250;10,00
651251;8,00
651300;0,00
660000;144,00
660002;0,00
660003;27,00
830002;0,00
830005;5,00
830007;10,00
830008;25,00
830009;5,00
541604;0,00
534509;0,00
531516;39,15
502102;4891,20
503305;7452,01
534203;1181,25
534511;39,00
521818;7,30
521802;18,05
521817;22,85
535702;397,00
520005;28,80
520006;48,70
533005;14,60
533329;159,00
503304;3202,50
103305;0,00
503624;63,75
503605;43,91
503903;0,00
503906;0,03
503681;0,00
510300;6,35
510362;18,30
500106;3487,72
500107;3197,06
500108;1995,90
500109;918,34
501005;4688,00
501006;1257,60
501007;0,00
501008;5000,00
500000;1817,40
501116;4740,60
501117;3986,40
501118;4838,00
501119;0,00
502109;1667,80
531827;0,00
535117;0,00
535118;0,00
535134;0,00
535135;0,00
535136;0,00
535137;0,00
535138;0,00
534542;182,00
534811;0,00
501606;5158,75
501600;5023,60
501604;5108,60
501601;4939,00
100001;47,88
100002;4876,00
100003;4585,60
100004;1749,30
535112;0,00
534508;0,00
535113;0,00
534505;22,00
534506;0,00
534507;0,00
534510;0,00
530305;0,00
534504;48,00
534202;89,45
100105;0,00
503632;5,95
504803;21,00
540041;0,00
544111;0,00
541586;25,00
544100;0,00
511226;15,05
512349;145,80
534806;235,00
534808;116,00
540035;269,00
535131;0,00
534515;0,00
534516;0,00
533004;0,00
544104;0,00
660001;20,00
501641;553,80
590209;371,00
590210;23,00
590211;74,00
141202;127,00
141705;0,45
150001;29,90
150002;18,55
150003;1,20
150004;0,00
150005;0,00
141920;20,00
830001;3,00
830003;20,00
830004;30,00
830006;30,00
534556;243,00
534557;239,00
510322;0,00
520000;38,15
540028;0,00
540316;865,00
543042;446,00
512385;5,50
540011;0,00
540093;44,00
540107;18,00
542041;67,00
531835;23,00
533002;1,80
534213;312,10
533021;0,10
590144;0,00
540106;512,00
540094;280,00
540104;62,00
540108;184,00
531500;44,45
533001;2,70
533008;2,90
141717;52,00
530021;21,80
521516;0,00
521527;51,45
530020;18,95
521511;0,00
540096;180,00
540098;158,00
541620;97,00
540114;34,00
541622;71,00
541623;116,00
542037;97,00
542038;140,00
542039;103,00
510001;0,00
510002;0,00
510304;5,95
510323;0,00
510325;0,00
531504;4,15
531505;31,50
533027;2,90
540102;100,00
141401;62,00
503600;0,00
502119;41,80
550503;38,00
550514;0,00
501697;0,00
540014;34,00
590104;0,00
590105;0,00
590228;197,00
534555;0,00
541628;42,00
540090;139,00
540111;1008,00
541624;100,00
510306;6,80
533347;0,00
533026;0,00
535706;0,00
210006;15,00
503709;0,00
533018;0,00
530033;17,00
501642;67,00
501643;67,00
141708;0,00
590108;0,00
141911;15,00
544113;0,00
530059;166,10
590208;394,00
501603;0,00
530058;122,05
212001;456,60
211006;0,00
201002;0,00
201001;0,00
201003;0,00
523301;0,15
523302;1,40
533030;0,00
550108;81,00
542044;40,00
501605;0,00
150006;1,05
320001;175,00
320002;117,00
320003;22,00
320004;15,00
212104;44,90
540117;81,00
141309;20,00
212020;19,60
211500;40,00
560503;24,00
550912;152,00
650301;33,00
